{"eval_score": -290.02600478598805, "loss": 153.98091471354167, "lr": 0.0001, "eps": 0.38226236635735666, "_timestamp": 1693251168.0478065, "_runtime": 5977.882173538208, "_step": 123, "_wandb": {"runtime": 6079}}