{"eval_score": 0, "loss": 1.187777312596639, "lr": 0.001, "eps": 0.9930227045625007, "_timestamp": 1692552372.052143, "_runtime": 64.58676218986511, "_step": 0, "_wandb": {"runtime": 70}}