{"reward": -483.97231653612863, "loss": 1021.7952020763162, "lr": 0.001, "eps": 0.3866491527467042, "_timestamp": 1692530445.5574422, "_runtime": 836.7674052715302, "_step": 9, "_wandb": {"runtime": 959}}