{"eval_score": -647.314757102261, "loss": 258.8206397523271, "lr": 0.0001, "eps": 0.8720514579040946, "_timestamp": 1693242198.9159513, "_runtime": 314.30435824394226, "_step": 11}