{"eval_score": -686.7625258298726, "loss": 162.16716552734374, "lr": 0.0001, "eps": 0.8720514579040946, "_timestamp": 1693245135.5172482, "_runtime": 3250.905655145645, "_step": 72, "_wandb": {"runtime": 3286}}