{"eval_score": -180.8373421192137, "loss": 2386.494322877682, "lr": 0.001, "eps": 0.5564674787647084, "_timestamp": 1692551297.9229739, "_runtime": 384.7023208141327, "_step": 12, "_wandb": {"runtime": 486}}